{
    "1. Logistic Regression": {
        "accuracy": 0.7855711422845691,
        "time": 0.030607223510742188
    },
    "2. Naive Bayes": {
        "accuracy": 0.7735470941883767,
        "time": 0.006432056427001953
    },
    "3. Random Forest": {
        "accuracy": 0.7785571142284569,
        "time": 0.5876705646514893
    },
    "4. PyTorch MLP": {
        "accuracy": 0.7915831663326653,
        "time": 2.937990188598633
    },
    "5. Transformer (DistilBERT)": {
        "accuracy": 0.781563126252505,
        "time": 914.114266872406
    }
}