{
    "1. Logistic Regression": {
        "accuracy": 0.7855711422845691,
        "time": 0.021369218826293945
    },
    "2. Naive Bayes": {
        "accuracy": 0.7735470941883767,
        "time": 0.005105495452880859
    },
    "3. Random Forest": {
        "accuracy": 0.7785571142284569,
        "time": 0.46863317489624023
    },
    "4. PyTorch MLP": {
        "accuracy": 0.7885771543086172,
        "time": 2.2550864219665527
    },
    "5. Transformer (DistilBERT)": {
        "accuracy": 0.7775551102204409,
        "time": 887.1562340259552
    }
}